{
	"info": {
		"_postman_id": "2d055384-9e43-47f0-ac3e-409ffe71d6ab",
		"name": "Node",
		"schema": "https://schema.getpostman.com/json/collection/v2.1.0/collection.json",
		"_exporter_id": "31563601"
	},
	"item": [
		{
			"name": "GET tareas",
			"request": {
				"auth": {
					"type": "noauth"
				},
				"method": "GET",
				"header": [],
				"url": {
					"raw": "http://localhost:3000/tareas/",
					"protocol": "http",
					"host": [
						"localhost"
					],
					"port": "3000",
					"path": [
						"tareas",
						""
					]
				}
			},
			"response": []
		},
		{
			"name": "GET tareas por id",
			"request": {
				"auth": {
					"type": "noauth"
				},
				"method": "GET",
				"header": [],
				"url": {
					"raw": "http://localhost:3000/tareas/1",
					"protocol": "http",
					"host": [
						"localhost"
					],
					"port": "3000",
					"path": [
						"tareas",
						"1"
					]
				}
			},
			"response": []
		},
		{
			"name": "POST tareas",
			"request": {
				"auth": {
					"type": "noauth"
				},
				"method": "POST",
				"header": [],
				"body": {
					"mode": "raw",
					"raw": "{    \n    \"titulo\": \"Mi Tarea 123\",\n    \"completada\": true\n    }",
					"options": {
						"raw": {
							"language": "json"
						}
					}
				},
				"url": {
					"raw": "http://localhost:3000/tareas/",
					"protocol": "http",
					"host": [
						"localhost"
					],
					"port": "3000",
					"path": [
						"tareas",
						""
					]
				}
			},
			"response": []
		},
		{
			"name": "PUT tareas",
			"request": {
				"auth": {
					"type": "noauth"
				},
				"method": "PUT",
				"header": [],
				"body": {
					"mode": "raw",
					"raw": "{    \n    \"titulo\": \"Mi Tarea #1\"\n}",
					"options": {
						"raw": {
							"language": "json"
						}
					}
				},
				"url": {
					"raw": "http://localhost:3000/tareas/1",
					"protocol": "http",
					"host": [
						"localhost"
					],
					"port": "3000",
					"path": [
						"tareas",
						"1"
					]
				}
			},
			"response": []
		},
		{
			"name": "DELETE tarea",
			"request": {
				"auth": {
					"type": "noauth"
				},
				"method": "DELETE",
				"header": [],
				"url": {
					"raw": "http://localhost:3000/tareas/1",
					"protocol": "http",
					"host": [
						"localhost"
					],
					"port": "3000",
					"path": [
						"tareas",
						"1"
					]
				}
			},
			"response": []
		}
	]
}